-- R. Jesse Chaney
-- rchaney@pdx.edu


-- drop schema if exists student_examples cascade;
create schema if not exists student_examples;

-- drop table if exists student_examples.departments cascade;
create table if not exists student_examples.departments
(
  	dept_id					int primary key generated by default as identity (start with 10 increment by 1)
	, dept_name				varchar(100) not null unique
);

insert into student_examples.departments (dept_id, dept_name)
values
	(1, 'Computer Science')
	-- , ('Data Science') -- Data Science is not a department, but a degree within M&S
	, (2, 'Mathematics and Statistics')
	, (3, 'Civil and Environmental Engineering')
	, (4, 'Electrical and Computer Engineering')
	, (5, 'Mechanical & Materials Engineering')
	, (6, 'Engineering & Technology Management')
;


-- select * from student_examples.departments;

-- drop table if exists student_examples.terms;
create table if not exists student_examples.terms
(
    term_id					int primary key generated by default as identity (start with 20 increment by 1)
	, term_year				varchar(100) not null
	, term_qtr				int not null
	, term_name				varchar(20) not null
	, constraint term_uk unique (term_year, term_name)
);

insert into student_examples.terms (term_id, term_year, term_qtr, term_name)
values
	(1, '21/22', 1, 'fall')
	, (2, '21/22', 2, 'winter')
	, (3, '21/22', 3, 'spring')
	, (4, '21/22', 4, 'summer')
	, (5, '22/23', 1, 'fall')
	, (6, '22/23', 2, 'winter')
	, (7, '22/23', 3, 'spring')
	, (8, '22/23', 4, 'summer')
	, (9, '23/24', 1, 'fall')
	, (10, '23/24', 2, 'winter')
	, (11, '23/24', 3, 'spring')
	, (12, '23/24', 4, 'summer')
	, (13, '24/25', 1, 'fall')
	, (14, '24/25', 2, 'winter')
	, (15, '24/25', 3, 'spring')
	, (16, '24/25', 4, 'summer')
;
-- select * from student_examples.terms order by term_year, term_qtr;

-- drop table if exists student_examples.students cascade;
create table if not exists student_examples.students 
(
	student_id         		int primary key generated by default as identity (start with 50 increment by 1)
	, student_given_name	varchar(100) not null
	, student_family_name	varchar(100) not null
	, student_gpa			real default 0
	, student_dept_id		int references student_examples.departments(dept_id) deferrable 
	, student_url			text
	, constraint student_uk unique (student_given_name, student_family_name)
);

-- drop table if exists student_examples.classes;
create table if not exists student_examples.classes
(
	class_id         		int primary key generated by default as identity (start with 20 increment by 1)
	, class_description		varchar(100)
	, class_abbrev			varchar(100) not null unique
	, class_dept_id			int references student_examples.departments(dept_id) deferrable
	, class_credits			int default 3
);

-- drop table if exists student_examples.student_classes cascade;
-- truncate table student_examples.student_classes restart identity;
create table if not exists student_examples.student_classes
(
	student_id         		int references student_examples.students(student_id)
	, class_id         		int references student_examples.classes(class_id)
	, term_id				int references student_examples.terms(term_id)
	, grade_value			real default null
	, grade_letter			varchar(10) default null
	, constraint student_classes_pk primary key (student_id, class_id, term_id)
);

insert into student_examples.students (student_id, student_given_name, student_family_name, student_dept_id)
	values (1, 'Jesse', 'Chaney', 1);
insert into student_examples.students (student_id, student_given_name, student_family_name, student_dept_id)
	values (2, 'Raymond', 'Chaney', 1);
insert into student_examples.students (student_id, student_given_name, student_family_name, student_dept_id)
	values (3, 'Mark', 'Jones', 1);
insert into student_examples.students (student_id, student_given_name, student_family_name, student_dept_id)
	values (4, 'Kevin', 'McGrath', 1);
insert into student_examples.students (student_id, student_given_name, student_family_name, student_dept_id)
	values (5, 'Karla', 'Fant', 1);
insert into student_examples.students (student_id, student_given_name, student_family_name, student_dept_id)
	values (6, 'Wu-chang', 'Feng', 1);
insert into student_examples.students (student_id, student_given_name, student_family_name, student_dept_id)
	values (7, 'Wu-chi', 'Feng', 1);
insert into student_examples.students (student_id, student_given_name, student_family_name, student_dept_id)
	values (8, 'Jingki', 'Li', 1);
insert into student_examples.students (student_id, student_given_name, student_family_name, student_dept_id)
	values (9, 'Michael', 'Wilson', 1);

insert into student_examples.students (student_id, student_given_name, student_family_name, student_dept_id)
	values (10, 'Gerardo', 'Lafferriere', 2);
insert into student_examples.students (student_id, student_given_name, student_family_name, student_dept_id)
	values (11, 'John', 'Caughman', 2);
insert into student_examples.students (student_id, student_given_name, student_family_name, student_dept_id)
	values (12, 'Bin', 'Jiang', 2);
insert into student_examples.students (student_id, student_given_name, student_family_name, student_dept_id)
	values (13, 'Isabelle', 'Shankar', 2);
insert into student_examples.students (student_id, student_given_name, student_family_name, student_dept_id)
	values (14, 'Jay', 'Gopalakrishnan', 2);

insert into student_examples.students (student_id, student_given_name, student_family_name, student_url)
	values (15, 'Edgar', 'Codd', 'https://en.wikipedia.org/wiki/Edgar_F._Codd');
insert into student_examples.students (student_id, student_given_name, student_family_name, student_url)
	values (16, 'Michael', 'Stonebraker', 'https://en.wikipedia.org/wiki/Michael_Stonebraker');
insert into student_examples.students (student_id, student_given_name, student_family_name, student_url)
	values (17, 'John', 'von Neumann', 'https://en.wikipedia.org/wiki/John_von_Neumann');
insert into student_examples.students (student_id, student_given_name, student_family_name, student_url)
	values (18, 'Allen', 'Turing', 'https://en.wikipedia.org/wiki/Alan_Turing');
insert into student_examples.students (student_id, student_given_name, student_family_name, student_url)
	values (19, 'Alonzo', 'Church', 'https://en.wikipedia.org/wiki/Alonzo_Church');


insert into student_examples.students (student_id, student_given_name, student_family_name, student_dept_id, student_url)
	values (20, 'Ivan','Sutherland', 4, 'https://en.wikipedia.org/wiki/Ivan_Sutherland');
insert into student_examples.students (student_id, student_given_name, student_family_name, student_dept_id, student_url)
	values (21, 'Douglas','Engelbart', 4, 'https://en.wikipedia.org/wiki/Douglas_Engelbart');

insert into student_examples.students (student_id, student_given_name, student_family_name, student_dept_id, student_url)
	values (22, 'Nikola', 'Tesla', 5, 'https://en.wikipedia.org/wiki/Nikola_Tesla');

insert into student_examples.students (student_id, student_given_name, student_family_name, student_dept_id, student_url)
	values (23, 'Grace', 'Hopper', 2, 'https://en.wikipedia.org/wiki/Grace_Hopper');
insert into student_examples.students (student_id, student_given_name, student_family_name, student_dept_id, student_url)
	values (24, 'Jean', 'Jennings', 2, 'https://en.wikipedia.org/wiki/Jean_Bartik');
insert into student_examples.students (student_id, student_given_name, student_family_name, student_dept_id, student_url)
	values (25, 'Marlyn', 'Wescoff', 2, 'https://en.wikipedia.org/wiki/Marlyn_Wescoff');
insert into student_examples.students (student_id, student_given_name, student_family_name, student_dept_id, student_url)
	values (26, 'Ruth', 'Lichterman', 2, 'https://en.wikipedia.org/wiki/Ruth_Lichterman');
insert into student_examples.students (student_id, student_given_name, student_family_name, student_dept_id, student_url)
	values (27, 'Betty', 'Snyder', 2, 'https://en.wikipedia.org/wiki/Betty_Snyder');
insert into student_examples.students (student_id, student_given_name, student_family_name, student_dept_id, student_url)
	values (28, 'Frances', 'Bilas', 2, 'https://en.wikipedia.org/wiki/Frances_Bilas');
insert into student_examples.students (student_id, student_given_name, student_family_name, student_dept_id, student_url)
	values (29, 'Kay', 'McNulty', 2, 'https://en.wikipedia.org/wiki/Kay_McNulty');

-- select * from student_examples.students;


insert into student_examples.classes (class_id, class_description, class_abbrev, class_dept_id, class_credits)
	values (1, 'OP SYS I', 'cs333', 1, 4);
insert into student_examples.classes (class_id, class_description, class_abbrev, class_dept_id, class_credits)
	values (2, 'Intro RDBMS', 'cs486', 1, 4);
insert into student_examples.classes (class_id, class_description, class_abbrev, class_dept_id, class_credits)
	values (3, 'Intro RDBMS', 'cs586', 1, 3);
insert into student_examples.classes (class_id, class_description, class_abbrev, class_dept_id, class_credits)
	values (4, 'Computer Systems Programming', 'cs205', 1, 4);
insert into student_examples.classes (class_id, class_description, class_abbrev, class_dept_id, class_credits)
	values (5, 'Introduction to Programming and Problem Solving', 'cs161', 1, 4);
insert into student_examples.classes (class_id, class_description, class_abbrev, class_dept_id, class_credits)
	values (6, 'Introduction to Computer Science', 'cs162', 1, 4);
insert into student_examples.classes (class_id, class_description, class_abbrev, class_dept_id, class_credits)
	values (7, 'Discrete Structures I', 'cs250', 1, 4);

insert into student_examples.classes (class_id, class_description, class_abbrev, class_dept_id, class_credits)
	values (8, 'Introduction to Linear Algebra', 'mth261', 2, 4);
insert into student_examples.classes (class_id, class_description, class_abbrev, class_dept_id, class_credits)
	values (9, 'Data Science Seminar', 'mth231', 2, 2);
insert into student_examples.classes (class_id, class_description, class_abbrev, class_dept_id, class_credits)
	values (10, 'Modern Regression Analysis', 'stat364', 2, 4);

insert into student_examples.classes (class_id, class_description, class_abbrev, class_dept_id, class_credits)
	values (15, 'Modern Lawn Darts', 'ath100', null, 2);
insert into student_examples.classes (class_id, class_description, class_abbrev, class_dept_id, class_credits)
	values (16,'Underwater Basket Weaving', 'bw401', null, 6);
insert into student_examples.classes (class_id, class_description, class_abbrev, class_dept_id, class_credits)
	values (17, 'Vector Space Theory of Matter', 'ph104', null, 4);

insert into student_examples.classes (class_id, class_description, class_abbrev, class_dept_id, class_credits)
	values (18, 'Discrete Structures II', 'cs251', 1, 4);
insert into student_examples.classes (class_id, class_description, class_abbrev, class_dept_id, class_credits)
	values (19, 'Programming Methodologies and Software Implementation', 'cs302', 1, 4);
insert into student_examples.classes (class_id, class_description, class_abbrev, class_dept_id, class_credits)
	values (20, 'Computational Structures', 'cs311', 1, 4);
insert into student_examples.classes (class_id, class_description, class_abbrev, class_dept_id, class_credits)
	values (21, 'Principles of Programming Languages', 'cs358', 1, 4);
insert into student_examples.classes (class_id, class_description, class_abbrev, class_dept_id, class_credits)
	values (22, 'Top: Advanced Topics in Concurrency', 'cs410', 1, 4);
insert into student_examples.classes (class_id, class_description, class_abbrev, class_dept_id, class_credits)
	values (23, 'Parallel Programmingy', 'cs415p', 1, 4);
insert into student_examples.classes (class_id, class_description, class_abbrev, class_dept_id, class_credits)
	values (24, 'Object-Oriented Programming and Design', 'cs420p', 1, 4);
insert into student_examples.classes (class_id, class_description, class_abbrev, class_dept_id, class_credits)
	values (25, 'Computer Graphics', 'cs447p', 1, 4);
insert into student_examples.classes (class_id, class_description, class_abbrev, class_dept_id, class_credits)
	values (26, 'Functional Programming', 'cs457p', 1, 4);
insert into student_examples.classes (class_id, class_description, class_abbrev, class_dept_id, class_credits)
	values (27, 'Social, Ethical, and Legal Implications of Computing', 'cs305', 1, 3);

insert into student_examples.classes (class_id, class_description, class_abbrev, class_dept_id, class_credits)
	values (28, 'Calculus I', 'mth251', 2, 4);
insert into student_examples.classes (class_id, class_description, class_abbrev, class_dept_id, class_credits)
	values (29, 'Calculus II', 'mth252', 2, 4);
insert into student_examples.classes (class_id, class_description, class_abbrev, class_dept_id, class_credits)
	values (30, 'Calculus III', 'mth253', 2, 4);
insert into student_examples.classes (class_id, class_description, class_abbrev, class_dept_id, class_credits)
	values (31, 'Calculus IV', 'mth254', 2, 4);
insert into student_examples.classes (class_id, class_description, class_abbrev, class_dept_id, class_credits)
	values (32, 'Intro Probability and Statistics I', 'stat243', 2, 4);
insert into student_examples.classes (class_id, class_description, class_abbrev, class_dept_id, class_credits)
	values (33, 'Intro Probability and Statistics II', 'stat244', 2, 4);

-- select * from student_examples.classes order by class_abbrev;


insert into student_examples.student_classes (student_id, class_id, term_id, grade_value, grade_letter)
values 
	(1, 5, 1, 85, 'B')
	, (1, 6, 2, 82, 'B-')
	, (1, 7, 3, 75, 'C')
	, (1, 4, 4, 62, 'F')
	, (1, 15, 4, 93, 'A')
	, (1, 4, 5, 74, 'C')
	, (1, 1, 6, 91, 'A-')
	, (1, 2, 8, null, null)
	, (1, 3, 8, null, null)
	, (1, 16, 8, null, null)
;
insert into student_examples.student_classes (student_id, class_id, term_id, grade_value, grade_letter)
values 
	(2, 5, 1, 95, 'A')
	, (2, 6, 2, 97, 'A')
	, (2, 7, 3, 93, 'A')
	, (2, 4, 4, 98, 'A')
	, (2, 1, 6, 99, 'A')
	, (2, 17, 7, 96, 'A')
	, (2, 2, 8, null, null)
	, (2, 15, 8, null, null)
	, (2, 16, 8, null, null)
;

insert into student_examples.student_classes (student_id, class_id, term_id, grade_value, grade_letter)
values 
	(3, 5, 1, 103, 'A')
	, (3, 6, 2, 97, 'A')
	, (3, 7, 3, 99, 'A')
	, (3, 4, 4, 100, 'A')
	, (3, 1, 6, 98, 'A')
	, (3, 17, 8, null, null)
	, (3, 10, 8, null, null)
	, (3, 9, 8, null, null)
;
insert into student_examples.student_classes (student_id, class_id, term_id, grade_value, grade_letter)
values
	(4, 5, 2, 103, 'A')
	, (4, 6, 3, 97, 'A')
	, (4, 7, 4, 99, 'A')
	, (4, 4, 5, 100, 'A')
	, (4, 1, 6, 98, 'A')
	, (4, 17, 7, 99, 'A')
	, (4, 10, 7, 99, 'A')
	, (4, 9, 7, 100, 'A')
	, (4, 3, 8, null, null)
;
insert into student_examples.student_classes (student_id, class_id, term_id, grade_value, grade_letter)
values
	(5, 5, 3, 99, 'A')
	, (5, 6, 4, 93, 'A')
	, (5, 7, 5, 94, 'A')
	, (5, 4, 6, 93, 'A')
	, (5, 1, 7, 97, 'A')
	, (5, 17, 7, 97, 'A')
;
insert into student_examples.student_classes (student_id, class_id, term_id, grade_value, grade_letter)
values
	(6, 5, 3, 103, 'A')
	, (6, 6, 4, 97, 'A')
	, (6, 7, 5, 99, 'A')
	, (6, 4, 6, 100, 'A')
	, (6, 1, 7, 98, 'A')
	, (6, 17, 7, 99, 'A')
	, (6, 2, 8, null, null)
;
insert into student_examples.student_classes (student_id, class_id, term_id, grade_value, grade_letter)
values
	(7, 5, 1, 103, 'A')
	, (7, 6, 2, 97, 'A')
	, (7, 7, 3, 99, 'A')
	, (7, 4, 4, 100, 'A')
	, (7, 1, 5, 98, 'A')
	, (7, 17, 5, 99, 'A')
	, (7, 3, 8, null, null)
;


insert into student_examples.student_classes (student_id, class_id, term_id, grade_value, grade_letter)
values
	(10, 5, 3, 103, 'A')
	, (10, 6, 4, 97, 'A')
	, (10, 7, 5, 99, 'A')
	, (10, 4, 6, 100, 'A')
	, (10, 9, 7, 98, 'A')
	, (10, 8, 7, 99, 'A')
	, (10, 2, 8, null, null)
	, (10, 15, 8, null, null)
;
insert into student_examples.student_classes (student_id, class_id, term_id, grade_value, grade_letter)
values
	(11, 5, 3, 103, 'A')
	, (11, 6, 4, 97, 'A')
	, (11, 7, 5, 99, 'A')
	, (11, 4, 6, 100, 'A')
	, (11, 9, 7, 98, 'A')
	, (11, 8, 7, 99, 'A')
	, (11, 3, 8, null, null)
	, (11, 15, 8, null, null)
	, (11, 17, 8, null, null)
;
insert into student_examples.student_classes (student_id, class_id, term_id, grade_value, grade_letter)
values
	(12, 5, 4, 103, 'A')
	, (12, 6, 4, 97, 'A')
	, (12, 7, 5, 99, 'A')
	, (12, 4, 7, 100, 'A')
	, (12, 9, 7, 98, 'A')
	, (12, 17, 7, 99, 'A')
	, (12, 3, 8, null, null)
	, (12, 15, 8, null, null)
	, (12, 16, 8, null, null)
;
insert into student_examples.student_classes (student_id, class_id, term_id, grade_value, grade_letter)
values
	(13, 5, 4, 103, 'A')
	, (13, 6, 4, 97, 'A')
	, (13, 7, 5, 99, 'A')
	, (13, 4, 7, 100, 'A')
	, (13, 9, 7, 98, 'A')
	, (13, 17, 7, 99, 'A')
;

insert into student_examples.student_classes (student_id, class_id, term_id, grade_value, grade_letter)
values 
	(16, 5, 1, 93, 'A')
	, (16, 6, 2, 94, 'A')
	, (16, 7, 3, 90, 'A-')
	, (16, 4, 4, 94, 'A')
	, (16, 1, 6, 92, 'A-')
	, (16, 17, 7, 90, 'A-')
	, (16, 16, 8, null, null)
	, (16, 3, 8, null, null)
;
insert into student_examples.student_classes (student_id, class_id, term_id, grade_value, grade_letter)
values 
	(17, 5, 1, 93, 'A')
	, (17, 6, 2, 94, 'A')
	, (17, 7, 3, 90, 'A-')
	, (17, 4, 4, 94, 'A')
	, (17, 1, 6, 92, 'A-')
	, (17, 17, 7, 90, 'A-')
	, (17, 16, 8, null, null)
;
insert into student_examples.student_classes (student_id, class_id, term_id, grade_value, grade_letter)
values 
	(18, 5, 1, 88, 'B+')
	, (18, 6, 2, 80, 'B-')
	, (18, 7, 3, 79, 'C+')
	, (18, 4, 4, 62, 'F')
	, (18, 15, 4, 97, 'A')
	, (18, 4, 5, 81, 'B-')
	, (18, 1, 6, 99, 'A')
	, (18, 2, 8, null, null)
	, (18, 3, 8, null, null)
	, (18, 16, 8, null, null)
;
insert into student_examples.student_classes (student_id, class_id, term_id, grade_value, grade_letter)
values 
	(19, 5, 1, 93, 'A')
	, (19, 6, 2, 94, 'A')
	, (19, 7, 3, 90, 'A-')
	, (19, 4, 4, 94, 'A')
	, (19, 1, 6, 92, 'A-')
	, (19, 17, 7, 90, 'A-')
	, (19, 3, 8, null, null)
	, (19, 15, 8, null, null)
	, (19, 16, 8, null, null)
;
insert into student_examples.student_classes (student_id, class_id, term_id, grade_value, grade_letter)
values 
	(22, 2, 8, null, null)
;
insert into student_examples.student_classes (student_id, class_id, term_id, grade_value, grade_letter)
values 
	(20, 5, 1, 95, 'A')
	, (20, 6, 2, 97, 'A')
	, (20, 7, 3, 93, 'A')
	, (20, 4, 4, 98, 'A')
	, (20, 1, 6, 99, 'A')
	, (20, 17, 7, 96, 'A')
	, (20, 2, 8, null, null)
	, (20, 3, 8, null, null)
	, (20, 16, 8, null, null)
;

insert into student_examples.student_classes (student_id, class_id, term_id, grade_value, grade_letter)
values 
	(23, 5, 1, 100, 'A')
	, (23, 6, 2, 100, 'A')
	, (23, 18, 2, 100, 'A')
	, (23, 7, 3, 100, 'A')
	, (23, 19, 4, 100, 'A')
	, (23, 4, 4, 100, 'A')
	, (23, 1, 6, 100, 'A')
	, (23, 20, 6, 100, 'A')
	, (23, 17, 7, 100, 'A')
	, (23, 21, 7, 100, 'A')
	, (23, 2, 8, null, null)
	, (23, 15, 8, null, null)
	, (23, 16, 8, null, null)
;

insert into student_examples.student_classes (student_id, class_id, term_id, grade_value, grade_letter)
values 
	(24, 5, 1, 97, 'A')
	, (24, 6, 2, 98, 'A')
	, (24, 18, 2, 99, 'A')
	, (24, 7, 3, 100, 'A')
	, (24, 19, 4, 100, 'A')
	, (24, 4, 4, 99, 'A')
	, (24, 1, 6, 97, 'A')
	, (24, 20, 6, 98, 'A')
	, (24, 17, 7, 100, 'A')
	, (24, 21, 7, 100, 'A')
	, (24, 2, 8, null, null)
	, (24, 15, 8, null, null)
	, (24, 16, 8, null, null)
;

insert into student_examples.student_classes (student_id, class_id, term_id, grade_value, grade_letter)
values 
	(25, 5, 1, 97, 'A')
	, (25, 6, 2, 98, 'A')
	, (25, 18, 2, 99, 'A')
	, (25, 7, 3, 100, 'A')
	, (25, 19, 4, 100, 'A')
	, (25, 4, 4, 99, 'A')
	, (25, 1, 6, 97, 'A')
	, (25, 20, 6, 98, 'A')
	, (25, 17, 7, 100, 'A')
	, (25, 21, 7, 100, 'A')
	, (25, 2, 8, null, null)
	, (25, 15, 8, null, null)
	, (25, 16, 8, null, null)
;

insert into student_examples.student_classes (student_id, class_id, term_id, grade_value, grade_letter)
values 
	(26, 5, 1, 97, 'A')
	, (26, 6, 2, 98, 'A')
	, (26, 18, 2, 99, 'A')
	, (26, 7, 3, 100, 'A')
	, (26, 19, 4, 100, 'A')
	, (26, 4, 4, 99, 'A')
	, (26, 1, 6, 97, 'A')
	, (26, 20, 6, 98, 'A')
	, (26, 17, 7, 100, 'A')
	, (26, 21, 7, 100, 'A')
	, (26, 2, 8, null, null)
	, (26, 15, 8, null, null)
	, (26, 16, 8, null, null)
;

insert into student_examples.student_classes (student_id, class_id, term_id, grade_value, grade_letter)
values 
	(27, 5, 1, 97, 'A')
	, (27, 6, 2, 98, 'A')
	, (27, 18, 2, 99, 'A')
	, (27, 7, 3, 100, 'A')
	, (27, 19, 4, 100, 'A')
	, (27, 4, 4, 99, 'A')
	, (27, 1, 6, 97, 'A')
	, (27, 20, 6, 98, 'A')
	, (27, 17, 7, 100, 'A')
	, (27, 21, 7, 100, 'A')
	, (27, 2, 8, null, null)
	, (27, 15, 8, null, null)
	, (27, 16, 8, null, null)
;

-- select * from student_examples.student_classes limit 5;
-- select * from student_examples.student_classes where term_id = 8;


create table student_examples.class_prereqs (
	class_abbrev		varchar(20) primary key
	, class_prereq		varchar(20) references student_examples.class_prereqs(class_abbrev) deferrable
);

-- NOTE: This is from an OLD prereq sequence
-- truncate student_examples.class_prereqs;
insert into student_examples.class_prereqs (class_abbrev, class_prereq)
values 
	('cs162', null)
	, ('cs163', 'cs162')
	, ('cs202', 'cs163')
	, ('cs250', null)
	, ('cs251', 'cs250')
	, ('cs350', 'cs251')
	, ('cs320', 'cs202')
	, ('cs201', 'cs162')
	, ('cs333', 'cs201')
	, ('cs469', 'cs333')
	, ('cs470', 'cs469')
	, ('cs486', 'cs162')
	, ('cs161', null)
;
